{
  "lookback_window": 60,
  "prediction_horizon": 5,
  "hidden_layers": [
    128,
    64,
    32
  ],
  "dropout_rate": 0.2,
  "learning_rate": 0.001,
  "batch_size": 32,
  "epochs": 1,
  "model_type": "lstm",
  "symbol_map": {
    "BTCUSDT": 0
  },
  "next_symbol_id": 1,
  "training_history": {
    "BTCUSDT_1h": {
      "loss": 42396.02734375,
      "mae": 42396.515625,
      "mse": 1928637440.0,
      "learning_rate": 0.0010000000474974513
    }
  },
  "datetime_saved": "2025-03-21T15:46:39.867842"
}