{
  "lookback_window": 60,
  "prediction_horizon": 5,
  "hidden_layers": [
    128,
    64,
    32
  ],
  "dropout_rate": 0.2,
  "learning_rate": 0.001,
  "batch_size": 32,
  "epochs": 100,
  "model_type": "lstm",
  "symbol_map": {
    "BTCUSDT": 0
  },
  "next_symbol_id": 1,
  "training_history": {
    "BTCUSDT_1h": {
      "loss": 70683480.0,
      "mae": 9631.8623046875,
      "mse": 141366960.0,
      "learning_rate": 0.0001250000059371814
    }
  },
  "datetime_saved": "2025-03-24T18:00:06.420524"
}