{
  "lookback_window": 60,
  "prediction_horizon": 5,
  "hidden_layers": [
    128,
    64,
    32
  ],
  "dropout_rate": 0.2,
  "learning_rate": 0.001,
  "batch_size": 32,
  "epochs": 1,
  "model_type": "lstm",
  "symbol_map": {
    "BTCUSDT": 0
  },
  "next_symbol_id": 1,
  "training_history": {
    "BTCUSDT_1h": {
      "loss": 42430.3359375,
      "mae": 42430.80859375,
      "mse": 1931476224.0,
      "learning_rate": 0.0010000000474974513
    }
  },
  "datetime_saved": "2025-03-22T16:50:24.297915"
}