{
  "lookback_window": 60,
  "prediction_horizon": 5,
  "hidden_layers": [
    128,
    64,
    32
  ],
  "dropout_rate": 0.2,
  "learning_rate": 0.001,
  "batch_size": 32,
  "epochs": 100,
  "model_type": "lstm",
  "symbol_map": {
    "BTCUSDT": 0
  },
  "next_symbol_id": 1,
  "training_history": {
    "BTCUSDT_1h": {
      "loss": 70840352.0,
      "mae": 9655.5400390625,
      "mse": 141680704.0,
      "learning_rate": 0.0005000000237487257
    }
  },
  "datetime_saved": "2025-03-24T15:52:19.381338"
}